<?xml version="1.0" encoding="UTF-8"?>
<project-private xmlns="http://www.netbeans.org/ns/project-private/1">
    <editor-bookmarks xmlns="http://www.netbeans.org/ns/editor-bookmarks/2" lastBookmarkId="0"/>
    <open-files xmlns="http://www.netbeans.org/ns/projectui-open-files/2">
        <group>
            <file>file:/Users/alumnounipoli/NetBeansProjects/InheritancePOO/src/SuperClasses/GeometricFigure.java</file>
            <file>file:/Users/alumnounipoli/NetBeansProjects/InheritancePOO/src/Main/InheritancePOO.java</file>
            <file>file:/Users/alumnounipoli/NetBeansProjects/InheritancePOO/src/SubClasses/Square.java</file>
            <file>file:/Users/alumnounipoli/NetBeansProjects/InheritancePOO/src/SubClasses/Circle.java</file>
            <file>file:/Users/alumnounipoli/NetBeansProjects/InheritancePOO/src/SubClasses/Triangle.java</file>
        </group>
    </open-files>
</project-private>
